,Quantidade,AnoMes,AnoMesSemana,AnoMesSemana1SemanaAnterior,AnoMesSemana2SemanaAnterior,AnoMesSemanaAnoAnterior,AnoMesSemanaAnoAnterior1Semana,AnoMesSemanaAnoAnterior2Semana
0,2516.0,2019-01,2019-01-00,2018-12-52,2018-12-51,2018-01-01,2017-12-52,2017-12-51
1,3094.0,2019-01,2019-01-00,2018-12-52,2018-12-51,2018-01-01,2017-12-52,2017-12-51
2,3384.0,2019-01,2019-01-00,2018-12-52,2018-12-51,2018-01-01,2017-12-52,2017-12-51
3,3592.0,2019-01,2019-01-00,2018-12-52,2018-12-51,2018-01-01,2017-12-52,2017-12-51
4,1087.0,2019-01,2019-01-00,2018-12-52,2018-12-51,2018-01-01,2017-12-52,2017-12-51
5,2970.0,2019-01,2019-01-01,2018-12-53,2018-12-52,2018-01-01,2017-12-52,2017-12-51
6,3257.0,2019-01,2019-01-01,2019-01-00,2018-12-52,2018-01-02,2018-01-01,2017-12-52
7,3093.0,2019-01,2019-01-01,2019-01-00,2018-12-52,2018-01-02,2018-01-01,2017-12-52
8,3046.0,2019-01,2019-01-01,2019-01-00,2018-12-52,2018-01-02,2018-01-01,2017-12-52
9,3089.0,2019-01,2019-01-01,2019-01-00,2018-12-52,2018-01-02,2018-01-01,2017-12-52
10,3385.0,2019-01,2019-01-01,2019-01-00,2018-12-52,2018-01-02,2018-01-01,2017-12-52
11,792.0,2019-01,2019-01-01,2019-01-00,2018-12-52,2018-01-02,2018-01-01,2017-12-52
12,2778.0,2019-01,2019-01-02,2019-01-01,2018-12-53,2018-01-02,2018-01-01,2017-12-52
13,2834.0,2019-01,2019-01-02,2019-01-01,2019-01-00,2018-01-03,2018-01-02,2018-01-01
14,2710.0,2019-01,2019-01-02,2019-01-01,2019-01-00,2018-01-03,2018-01-02,2018-01-01
15,2782.0,2019-01,2019-01-02,2019-01-01,2019-01-00,2018-01-03,2018-01-02,2018-01-01
16,2790.0,2019-01,2019-01-02,2019-01-01,2019-01-00,2018-01-03,2018-01-02,2018-01-01
17,2997.0,2019-01,2019-01-02,2019-01-01,2019-01-00,2018-01-03,2018-01-02,2018-01-01
18,727.0,2019-01,2019-01-02,2019-01-01,2019-01-00,2018-01-03,2018-01-02,2018-01-01
19,2202.0,2019-01,2019-01-03,2019-01-02,2019-01-01,2018-01-03,2018-01-02,2018-01-01
20,2180.0,2019-01,2019-01-03,2019-01-02,2019-01-01,2018-01-04,2018-01-03,2018-01-02
21,2075.0,2019-01,2019-01-03,2019-01-02,2019-01-01,2018-01-04,2018-01-03,2018-01-02
22,2287.0,2019-01,2019-01-03,2019-01-02,2019-01-01,2018-01-04,2018-01-03,2018-01-02
23,2260.0,2019-01,2019-01-03,2019-01-02,2019-01-01,2018-01-04,2018-01-03,2018-01-02
24,2992.0,2019-01,2019-01-03,2019-01-02,2019-01-01,2018-01-04,2018-01-03,2018-01-02
25,688.0,2019-01,2019-01-03,2019-01-02,2019-01-01,2018-01-04,2018-01-03,2018-01-02
26,2240.0,2019-01,2019-01-04,2019-01-03,2019-01-02,2018-01-04,2018-01-03,2018-01-02
27,2236.0,2019-01,2019-01-04,2019-01-03,2019-01-02,2018-01-05,2018-01-04,2018-01-03
28,2390.0,2019-01,2019-01-04,2019-01-03,2019-01-02,2018-01-05,2018-01-04,2018-01-03
29,2665.0,2019-01,2019-01-04,2019-01-03,2019-01-02,2018-01-05,2018-01-04,2018-01-03
30,2997.0,2019-02,2019-02-04,2019-01-03,2019-01-02,2018-02-05,2018-01-04,2018-01-03
31,3637.0,2019-02,2019-02-04,2019-01-03,2019-01-02,2018-02-05,2018-01-04,2018-01-03
32,1092.0,2019-02,2019-02-04,2019-01-03,2019-01-02,2018-02-05,2018-01-04,2018-01-03
33,2758.0,2019-02,2019-02-05,2019-01-04,2019-01-03,2018-02-05,2018-01-04,2018-01-03
34,3176.0,2019-02,2019-02-05,2019-01-04,2019-01-03,2018-02-06,2018-01-05,2018-01-04
35,3065.0,2019-02,2019-02-05,2019-01-04,2019-01-03,2018-02-06,2018-01-05,2018-01-04
36,3361.0,2019-02,2019-02-05,2019-01-04,2019-01-03,2018-02-06,2018-01-05,2018-01-04
37,3893.0,2019-02,2019-02-05,2019-02-04,2019-01-03,2018-02-06,2018-02-05,2018-01-04
38,5170.0,2019-02,2019-02-05,2019-02-04,2019-01-03,2018-02-06,2018-02-05,2018-01-04
39,1363.0,2019-02,2019-02-05,2019-02-04,2019-01-03,2018-02-06,2018-02-05,2018-01-04
40,2896.0,2019-02,2019-02-06,2019-02-05,2019-01-04,2018-02-06,2018-02-05,2018-01-04
41,2546.0,2019-02,2019-02-06,2019-02-05,2019-01-04,2018-02-07,2018-02-06,2018-01-05
42,2308.0,2019-02,2019-02-06,2019-02-05,2019-01-04,2018-02-07,2018-02-06,2018-01-05
43,2614.0,2019-02,2019-02-06,2019-02-05,2019-01-04,2018-02-07,2018-02-06,2018-01-05
44,2899.0,2019-02,2019-02-06,2019-02-05,2019-02-04,2018-02-07,2018-02-06,2018-02-05
45,3700.0,2019-02,2019-02-06,2019-02-05,2019-02-04,2018-02-07,2018-02-06,2018-02-05
46,1038.0,2019-02,2019-02-06,2019-02-05,2019-02-04,2018-02-07,2018-02-06,2018-02-05
47,2187.0,2019-02,2019-02-07,2019-02-06,2019-02-05,2018-02-07,2018-02-06,2018-02-05
48,2352.0,2019-02,2019-02-07,2019-02-06,2019-02-05,2018-02-08,2018-02-07,2018-02-06
49,2514.0,2019-02,2019-02-07,2019-02-06,2019-02-05,2018-02-08,2018-02-07,2018-02-06
50,2433.0,2019-02,2019-02-07,2019-02-06,2019-02-05,2018-02-08,2018-02-07,2018-02-06
51,3219.0,2019-02,2019-02-07,2019-02-06,2019-02-05,2018-02-08,2018-02-07,2018-02-06
52,3659.0,2019-02,2019-02-07,2019-02-06,2019-02-05,2018-02-08,2018-02-07,2018-02-06
53,977.0,2019-02,2019-02-07,2019-02-06,2019-02-05,2018-02-08,2018-02-07,2018-02-06
54,1961.0,2019-02,2019-02-08,2019-02-07,2019-02-06,2018-02-08,2018-02-07,2018-02-06
55,2297.0,2019-02,2019-02-08,2019-02-07,2019-02-06,2018-02-09,2018-02-08,2018-02-07
56,2442.0,2019-02,2019-02-08,2019-02-07,2019-02-06,2018-02-09,2018-02-08,2018-02-07
57,2915.0,2019-02,2019-02-08,2019-02-07,2019-02-06,2018-02-09,2018-02-08,2018-02-07
58,3734.0,2019-03,2019-03-08,2019-02-07,2019-02-06,2018-03-09,2018-02-08,2018-02-07
59,3064.0,2019-03,2019-03-08,2019-02-07,2019-02-06,2018-03-09,2018-02-08,2018-02-07
60,783.0,2019-03,2019-03-08,2019-02-07,2019-02-06,2018-03-09,2018-02-08,2018-02-07
61,459.0,2019-03,2019-03-09,2019-02-08,2019-02-07,2018-03-09,2018-02-08,2018-02-07
62,1758.0,2019-03,2019-03-09,2019-02-08,2019-02-07,2018-03-10,2018-02-09,2018-02-08
63,3022.0,2019-03,2019-03-09,2019-02-08,2019-02-07,2018-03-10,2018-02-09,2018-02-08
64,3743.0,2019-03,2019-03-09,2019-03-08,2019-02-07,2018-03-10,2018-03-09,2018-02-08
65,3772.0,2019-03,2019-03-09,2019-03-08,2019-02-07,2018-03-10,2018-03-09,2018-02-08
66,1119.0,2019-03,2019-03-09,2019-03-08,2019-02-07,2018-03-10,2018-03-09,2018-02-08
67,2408.0,2019-03,2019-03-10,2019-03-09,2019-02-08,2018-03-10,2018-03-09,2018-02-08
68,2605.0,2019-03,2019-03-10,2019-03-09,2019-02-08,2018-03-11,2018-03-10,2018-02-09
69,2028.0,2019-03,2019-03-10,2019-03-09,2019-02-08,2018-03-11,2018-03-10,2018-02-09
70,2514.0,2019-03,2019-03-10,2019-03-09,2019-02-08,2018-03-11,2018-03-10,2018-02-09
71,3339.0,2019-03,2019-03-10,2019-03-09,2019-03-08,2018-03-11,2018-03-10,2018-03-09
72,3697.0,2019-03,2019-03-10,2019-03-09,2019-03-08,2018-03-11,2018-03-10,2018-03-09
73,1165.0,2019-03,2019-03-10,2019-03-09,2019-03-08,2018-03-11,2018-03-10,2018-03-09
74,2265.0,2019-03,2019-03-11,2019-03-10,2019-03-09,2018-03-11,2018-03-10,2018-03-09
75,2088.0,2019-03,2019-03-11,2019-03-10,2019-03-09,2018-03-12,2018-03-11,2018-03-10
76,2267.0,2019-03,2019-03-11,2019-03-10,2019-03-09,2018-03-12,2018-03-11,2018-03-10
77,1981.0,2019-03,2019-03-11,2019-03-10,2019-03-09,2018-03-12,2018-03-11,2018-03-10
78,2915.0,2019-03,2019-03-11,2019-03-10,2019-03-09,2018-03-12,2018-03-11,2018-03-10
79,3559.0,2019-03,2019-03-11,2019-03-10,2019-03-09,2018-03-12,2018-03-11,2018-03-10
80,888.0,2019-03,2019-03-11,2019-03-10,2019-03-09,2018-03-12,2018-03-11,2018-03-10
81,2049.0,2019-03,2019-03-12,2019-03-11,2019-03-10,2018-03-12,2018-03-11,2018-03-10
82,1900.0,2019-03,2019-03-12,2019-03-11,2019-03-10,2018-03-13,2018-03-12,2018-03-11
83,1933.0,2019-03,2019-03-12,2019-03-11,2019-03-10,2018-03-13,2018-03-12,2018-03-11
84,1999.0,2019-03,2019-03-12,2019-03-11,2019-03-10,2018-03-13,2018-03-12,2018-03-11
85,2809.0,2019-03,2019-03-12,2019-03-11,2019-03-10,2018-03-13,2018-03-12,2018-03-11
86,3728.0,2019-03,2019-03-12,2019-03-11,2019-03-10,2018-03-13,2018-03-12,2018-03-11
87,1013.0,2019-03,2019-03-12,2019-03-11,2019-03-10,2018-03-13,2018-03-12,2018-03-11
88,2280.0,2019-04,2019-04-13,2019-03-12,2019-03-11,2018-04-13,2018-03-12,2018-03-11
89,2397.0,2019-04,2019-04-13,2019-03-12,2019-03-11,2018-04-14,2018-03-13,2018-03-12
90,2289.0,2019-04,2019-04-13,2019-03-12,2019-03-11,2018-04-14,2018-03-13,2018-03-12
91,2543.0,2019-04,2019-04-13,2019-03-12,2019-03-11,2018-04-14,2018-03-13,2018-03-12
92,3361.0,2019-04,2019-04-13,2019-03-12,2019-03-11,2018-04-14,2018-03-13,2018-03-12
93,4596.0,2019-04,2019-04-13,2019-03-12,2019-03-11,2018-04-14,2018-03-13,2018-03-12
94,1300.0,2019-04,2019-04-13,2019-03-12,2019-03-11,2018-04-14,2018-03-13,2018-03-12
95,2185.0,2019-04,2019-04-14,2019-04-13,2019-03-12,2018-04-14,2018-04-13,2018-03-12
96,1623.0,2019-04,2019-04-14,2019-04-13,2019-03-12,2018-04-15,2018-04-14,2018-03-13
97,2558.0,2019-04,2019-04-14,2019-04-13,2019-03-12,2018-04-15,2018-04-14,2018-03-13
98,2515.0,2019-04,2019-04-14,2019-04-13,2019-03-12,2018-04-15,2018-04-14,2018-03-13
99,2932.0,2019-04,2019-04-14,2019-04-13,2019-03-12,2018-04-15,2018-04-14,2018-03-13
100,4222.0,2019-04,2019-04-14,2019-04-13,2019-03-12,2018-04-15,2018-04-14,2018-03-13
101,1012.0,2019-04,2019-04-14,2019-04-13,2019-03-12,2018-04-15,2018-04-14,2018-03-13
102,2296.0,2019-04,2019-04-15,2019-04-14,2019-04-13,2018-04-15,2018-04-14,2018-04-13
103,2285.0,2019-04,2019-04-15,2019-04-14,2019-04-13,2018-04-16,2018-04-15,2018-04-14
104,2496.0,2019-04,2019-04-15,2019-04-14,2019-04-13,2018-04-16,2018-04-15,2018-04-14
105,2902.0,2019-04,2019-04-15,2019-04-14,2019-04-13,2018-04-16,2018-04-15,2018-04-14
106,1033.0,2019-04,2019-04-15,2019-04-14,2019-04-13,2018-04-16,2018-04-15,2018-04-14
107,3741.0,2019-04,2019-04-15,2019-04-14,2019-04-13,2018-04-16,2018-04-15,2018-04-14
108,625.0,2019-04,2019-04-15,2019-04-14,2019-04-13,2018-04-16,2018-04-15,2018-04-14
109,2432.0,2019-04,2019-04-16,2019-04-15,2019-04-14,2018-04-16,2018-04-15,2018-04-14
110,908.0,2019-04,2019-04-16,2019-04-15,2019-04-14,2018-04-17,2018-04-16,2018-04-15
111,2095.0,2019-04,2019-04-16,2019-04-15,2019-04-14,2018-04-17,2018-04-16,2018-04-15
112,2219.0,2019-04,2019-04-16,2019-04-15,2019-04-14,2018-04-17,2018-04-16,2018-04-15
113,2735.0,2019-04,2019-04-16,2019-04-15,2019-04-14,2018-04-17,2018-04-16,2018-04-15
114,3527.0,2019-04,2019-04-16,2019-04-15,2019-04-14,2018-04-17,2018-04-16,2018-04-15
115,911.0,2019-04,2019-04-16,2019-04-15,2019-04-14,2018-04-17,2018-04-16,2018-04-15
116,2283.0,2019-04,2019-04-17,2019-04-16,2019-04-15,2018-04-17,2018-04-16,2018-04-15
117,2928.0,2019-04,2019-04-17,2019-04-16,2019-04-15,2018-04-18,2018-04-17,2018-04-16
118,1285.0,2019-05,2019-05-17,2019-04-16,2019-04-15,2018-05-18,2018-04-17,2018-04-16
119,2889.0,2019-05,2019-05-17,2019-04-16,2019-04-15,2018-05-18,2018-04-17,2018-04-16
120,4265.0,2019-05,2019-05-17,2019-04-16,2019-04-15,2018-05-18,2018-04-17,2018-04-16
121,5356.0,2019-05,2019-05-17,2019-04-16,2019-04-15,2018-05-18,2018-04-17,2018-04-16
122,1462.0,2019-05,2019-05-17,2019-04-16,2019-04-15,2018-05-18,2018-04-17,2018-04-16
123,3259.0,2019-05,2019-05-18,2019-04-17,2019-04-16,2018-05-18,2018-04-17,2018-04-16
124,3800.0,2019-05,2019-05-18,2019-04-17,2019-04-16,2018-05-19,2018-04-18,2018-04-17
125,4787.0,2019-05,2019-05-18,2019-05-17,2019-04-16,2018-05-19,2018-05-18,2018-04-17
126,5637.0,2019-05,2019-05-18,2019-05-17,2019-04-16,2018-05-19,2018-05-18,2018-04-17
127,8454.0,2019-05,2019-05-18,2019-05-17,2019-04-16,2018-05-19,2018-05-18,2018-04-17
128,16375.0,2019-05,2019-05-18,2019-05-17,2019-04-16,2018-05-19,2018-05-18,2018-04-17
129,2839.0,2019-05,2019-05-18,2019-05-17,2019-04-16,2018-05-19,2018-05-18,2018-04-17
130,2856.0,2019-05,2019-05-19,2019-05-18,2019-04-17,2018-05-19,2018-05-18,2018-04-17
131,2899.0,2019-05,2019-05-19,2019-05-18,2019-04-17,2018-05-20,2018-05-19,2018-04-18
132,2844.0,2019-05,2019-05-19,2019-05-18,2019-05-17,2018-05-20,2018-05-19,2018-05-18
133,3053.0,2019-05,2019-05-19,2019-05-18,2019-05-17,2018-05-20,2018-05-19,2018-05-18
134,3095.0,2019-05,2019-05-19,2019-05-18,2019-05-17,2018-05-20,2018-05-19,2018-05-18
135,4611.0,2019-05,2019-05-19,2019-05-18,2019-05-17,2018-05-20,2018-05-19,2018-05-18
136,1245.0,2019-05,2019-05-19,2019-05-18,2019-05-17,2018-05-20,2018-05-19,2018-05-18
137,2500.0,2019-05,2019-05-20,2019-05-19,2019-05-18,2018-05-20,2018-05-19,2018-05-18
138,2620.0,2019-05,2019-05-20,2019-05-19,2019-05-18,2018-05-21,2018-05-20,2018-05-19
139,2525.0,2019-05,2019-05-20,2019-05-19,2019-05-18,2018-05-21,2018-05-20,2018-05-19
140,2614.0,2019-05,2019-05-20,2019-05-19,2019-05-18,2018-05-21,2018-05-20,2018-05-19
141,3028.0,2019-05,2019-05-20,2019-05-19,2019-05-18,2018-05-21,2018-05-20,2018-05-19
142,3752.0,2019-05,2019-05-20,2019-05-19,2019-05-18,2018-05-21,2018-05-20,2018-05-19
143,1030.0,2019-05,2019-05-20,2019-05-19,2019-05-18,2018-05-21,2018-05-20,2018-05-19
144,2159.0,2019-05,2019-05-21,2019-05-20,2019-05-19,2018-05-21,2018-05-20,2018-05-19
145,2041.0,2019-05,2019-05-21,2019-05-20,2019-05-19,2018-05-22,2018-05-21,2018-05-20
146,2249.0,2019-05,2019-05-21,2019-05-20,2019-05-19,2018-05-22,2018-05-21,2018-05-20
147,2547.0,2019-05,2019-05-21,2019-05-20,2019-05-19,2018-05-22,2018-05-21,2018-05-20
148,3030.0,2019-05,2019-05-21,2019-05-20,2019-05-19,2018-05-22,2018-05-21,2018-05-20
149,4079.0,2019-06,2019-06-21,2019-05-20,2019-05-19,2018-06-22,2018-05-21,2018-05-20
150,1207.0,2019-06,2019-06-21,2019-05-20,2019-05-19,2018-06-22,2018-05-21,2018-05-20
151,2376.0,2019-06,2019-06-22,2019-05-21,2019-05-20,2018-06-22,2018-05-21,2018-05-20
152,3291.0,2019-06,2019-06-22,2019-05-21,2019-05-20,2018-06-23,2018-05-22,2018-05-21
153,3721.0,2019-06,2019-06-22,2019-05-21,2019-05-20,2018-06-23,2018-05-22,2018-05-21
154,4341.0,2019-06,2019-06-22,2019-05-21,2019-05-20,2018-06-23,2018-05-22,2018-05-21
155,4840.0,2019-06,2019-06-22,2019-05-21,2019-05-20,2018-06-23,2018-05-22,2018-05-21
156,6562.0,2019-06,2019-06-22,2019-06-21,2019-05-20,2018-06-23,2018-06-22,2018-05-21
157,1583.0,2019-06,2019-06-22,2019-06-21,2019-05-20,2018-06-23,2018-06-22,2018-05-21
158,3791.0,2019-06,2019-06-23,2019-06-22,2019-05-21,2018-06-23,2018-06-22,2018-05-21
159,4505.0,2019-06,2019-06-23,2019-06-22,2019-05-21,2018-06-24,2018-06-23,2018-05-22
160,6240.0,2019-06,2019-06-23,2019-06-22,2019-05-21,2018-06-24,2018-06-23,2018-05-22
161,3446.0,2019-06,2019-06-23,2019-06-22,2019-05-21,2018-06-24,2018-06-23,2018-05-22
162,3859.0,2019-06,2019-06-23,2019-06-22,2019-05-21,2018-06-24,2018-06-23,2018-05-22
163,5011.0,2019-06,2019-06-23,2019-06-22,2019-06-21,2018-06-24,2018-06-23,2018-06-22
164,1228.0,2019-06,2019-06-23,2019-06-22,2019-06-21,2018-06-24,2018-06-23,2018-06-22
165,2662.0,2019-06,2019-06-24,2019-06-23,2019-06-22,2018-06-24,2018-06-23,2018-06-22
166,2676.0,2019-06,2019-06-24,2019-06-23,2019-06-22,2018-06-25,2018-06-24,2018-06-23
167,3110.0,2019-06,2019-06-24,2019-06-23,2019-06-22,2018-06-25,2018-06-24,2018-06-23
168,1311.0,2019-06,2019-06-24,2019-06-23,2019-06-22,2018-06-25,2018-06-24,2018-06-23
169,3575.0,2019-06,2019-06-24,2019-06-23,2019-06-22,2018-06-25,2018-06-24,2018-06-23
170,3640.0,2019-06,2019-06-24,2019-06-23,2019-06-22,2018-06-25,2018-06-24,2018-06-23
171,889.0,2019-06,2019-06-24,2019-06-23,2019-06-22,2018-06-25,2018-06-24,2018-06-23
172,3547.0,2019-06,2019-06-25,2019-06-24,2019-06-23,2018-06-25,2018-06-24,2018-06-23
173,3471.0,2019-06,2019-06-25,2019-06-24,2019-06-23,2018-06-26,2018-06-25,2018-06-24
174,3224.0,2019-06,2019-06-25,2019-06-24,2019-06-23,2018-06-26,2018-06-25,2018-06-24
175,3279.0,2019-06,2019-06-25,2019-06-24,2019-06-23,2018-06-26,2018-06-25,2018-06-24
176,3969.0,2019-06,2019-06-25,2019-06-24,2019-06-23,2018-06-26,2018-06-25,2018-06-24
177,4676.0,2019-06,2019-06-25,2019-06-24,2019-06-23,2018-06-26,2018-06-25,2018-06-24
178,1236.0,2019-06,2019-06-25,2019-06-24,2019-06-23,2018-06-26,2018-06-25,2018-06-24
179,3189.0,2019-07,2019-07-26,2019-06-25,2019-06-24,2018-07-26,2018-06-25,2018-06-24
180,3694.0,2019-07,2019-07-26,2019-06-25,2019-06-24,2018-07-27,2018-06-26,2018-06-25
181,3862.0,2019-07,2019-07-26,2019-06-25,2019-06-24,2018-07-27,2018-06-26,2018-06-25
182,3914.0,2019-07,2019-07-26,2019-06-25,2019-06-24,2018-07-27,2018-06-26,2018-06-25
183,4583.0,2019-07,2019-07-26,2019-06-25,2019-06-24,2018-07-27,2018-06-26,2018-06-25
184,6259.0,2019-07,2019-07-26,2019-06-25,2019-06-24,2018-07-27,2018-06-26,2018-06-25
185,1344.0,2019-07,2019-07-26,2019-06-25,2019-06-24,2018-07-27,2018-06-26,2018-06-25
186,3861.0,2019-07,2019-07-27,2019-07-26,2019-06-25,2018-07-27,2018-07-26,2018-06-25
187,3943.0,2019-07,2019-07-27,2019-07-26,2019-06-25,2018-07-28,2018-07-27,2018-06-26
188,4155.0,2019-07,2019-07-27,2019-07-26,2019-06-25,2018-07-28,2018-07-27,2018-06-26
189,4011.0,2019-07,2019-07-27,2019-07-26,2019-06-25,2018-07-28,2018-07-27,2018-06-26
190,4419.0,2019-07,2019-07-27,2019-07-26,2019-06-25,2018-07-28,2018-07-27,2018-06-26
191,5078.0,2019-07,2019-07-27,2019-07-26,2019-06-25,2018-07-28,2018-07-27,2018-06-26
192,1315.0,2019-07,2019-07-27,2019-07-26,2019-06-25,2018-07-28,2018-07-27,2018-06-26
193,3275.0,2019-07,2019-07-28,2019-07-27,2019-07-26,2018-07-28,2018-07-27,2018-07-26
194,2731.0,2019-07,2019-07-28,2019-07-27,2019-07-26,2018-07-29,2018-07-28,2018-07-27
195,3140.0,2019-07,2019-07-28,2019-07-27,2019-07-26,2018-07-29,2018-07-28,2018-07-27
196,3351.0,2019-07,2019-07-28,2019-07-27,2019-07-26,2018-07-29,2018-07-28,2018-07-27
197,3932.0,2019-07,2019-07-28,2019-07-27,2019-07-26,2018-07-29,2018-07-28,2018-07-27
198,4298.0,2019-07,2019-07-28,2019-07-27,2019-07-26,2018-07-29,2018-07-28,2018-07-27
199,1133.0,2019-07,2019-07-28,2019-07-27,2019-07-26,2018-07-29,2018-07-28,2018-07-27
200,2702.0,2019-07,2019-07-29,2019-07-28,2019-07-27,2018-07-29,2018-07-28,2018-07-27
201,2595.0,2019-07,2019-07-29,2019-07-28,2019-07-27,2018-07-30,2018-07-29,2018-07-28
202,2549.0,2019-07,2019-07-29,2019-07-28,2019-07-27,2018-07-30,2018-07-29,2018-07-28
203,2960.0,2019-07,2019-07-29,2019-07-28,2019-07-27,2018-07-30,2018-07-29,2018-07-28
204,3094.0,2019-07,2019-07-29,2019-07-28,2019-07-27,2018-07-30,2018-07-29,2018-07-28
205,3445.0,2019-07,2019-07-29,2019-07-28,2019-07-27,2018-07-30,2018-07-29,2018-07-28
206,856.0,2019-07,2019-07-29,2019-07-28,2019-07-27,2018-07-30,2018-07-29,2018-07-28
207,2336.0,2019-07,2019-07-30,2019-07-29,2019-07-28,2018-07-30,2018-07-29,2018-07-28
208,2556.0,2019-07,2019-07-30,2019-07-29,2019-07-28,2018-07-31,2018-07-30,2018-07-29
209,2501.0,2019-07,2019-07-30,2019-07-29,2019-07-28,2018-07-31,2018-07-30,2018-07-29
210,3081.0,2019-08,2019-08-30,2019-07-29,2019-07-28,2018-08-31,2018-07-30,2018-07-29
211,3622.0,2019-08,2019-08-30,2019-07-29,2019-07-28,2018-08-31,2018-07-30,2018-07-29
212,3695.0,2019-08,2019-08-30,2019-07-29,2019-07-28,2018-08-31,2018-07-30,2018-07-29
213,1027.0,2019-08,2019-08-30,2019-07-29,2019-07-28,2018-08-31,2018-07-30,2018-07-29
214,2851.0,2019-08,2019-08-31,2019-07-30,2019-07-29,2018-08-31,2018-07-30,2018-07-29
215,3156.0,2019-08,2019-08-31,2019-07-30,2019-07-29,2018-08-32,2018-07-31,2018-07-30
216,3417.0,2019-08,2019-08-31,2019-07-30,2019-07-29,2018-08-32,2018-07-31,2018-07-30
217,3756.0,2019-08,2019-08-31,2019-08-30,2019-07-29,2018-08-32,2018-08-31,2018-07-30
218,4342.0,2019-08,2019-08-31,2019-08-30,2019-07-29,2018-08-32,2018-08-31,2018-07-30
219,5631.0,2019-08,2019-08-31,2019-08-30,2019-07-29,2018-08-32,2018-08-31,2018-07-30
220,1052.0,2019-08,2019-08-31,2019-08-30,2019-07-29,2018-08-32,2018-08-31,2018-07-30
221,2749.0,2019-08,2019-08-32,2019-08-31,2019-07-30,2018-08-32,2018-08-31,2018-07-30
222,2529.0,2019-08,2019-08-32,2019-08-31,2019-07-30,2018-08-33,2018-08-32,2018-07-31
223,2343.0,2019-08,2019-08-32,2019-08-31,2019-07-30,2018-08-33,2018-08-32,2018-07-31
224,3116.0,2019-08,2019-08-32,2019-08-31,2019-08-30,2018-08-33,2018-08-32,2018-08-31
225,3533.0,2019-08,2019-08-32,2019-08-31,2019-08-30,2018-08-33,2018-08-32,2018-08-31
226,4451.0,2019-08,2019-08-32,2019-08-31,2019-08-30,2018-08-33,2018-08-32,2018-08-31
227,1138.0,2019-08,2019-08-32,2019-08-31,2019-08-30,2018-08-33,2018-08-32,2018-08-31
228,2236.0,2019-08,2019-08-33,2019-08-32,2019-08-31,2018-08-33,2018-08-32,2018-08-31
229,2234.0,2019-08,2019-08-33,2019-08-32,2019-08-31,2018-08-34,2018-08-33,2018-08-32
230,2928.0,2019-08,2019-08-33,2019-08-32,2019-08-31,2018-08-34,2018-08-33,2018-08-32
231,2679.0,2019-08,2019-08-33,2019-08-32,2019-08-31,2018-08-34,2018-08-33,2018-08-32
232,3353.0,2019-08,2019-08-33,2019-08-32,2019-08-31,2018-08-34,2018-08-33,2018-08-32
233,4516.0,2019-08,2019-08-33,2019-08-32,2019-08-31,2018-08-34,2018-08-33,2018-08-32
234,1058.0,2019-08,2019-08-33,2019-08-32,2019-08-31,2018-08-34,2018-08-33,2018-08-32
235,2520.0,2019-08,2019-08-34,2019-08-33,2019-08-32,2018-08-34,2018-08-33,2018-08-32
236,2677.0,2019-08,2019-08-34,2019-08-33,2019-08-32,2018-08-35,2018-08-34,2018-08-33
237,2541.0,2019-08,2019-08-34,2019-08-33,2019-08-32,2018-08-35,2018-08-34,2018-08-33
238,2663.0,2019-08,2019-08-34,2019-08-33,2019-08-32,2018-08-35,2018-08-34,2018-08-33
239,3302.0,2019-08,2019-08-34,2019-08-33,2019-08-32,2018-08-35,2018-08-34,2018-08-33
240,4178.0,2019-08,2019-08-34,2019-08-33,2019-08-32,2018-08-35,2018-08-34,2018-08-33
241,1022.0,2019-09,2019-09-34,2019-08-33,2019-08-32,2018-09-35,2018-08-34,2018-08-33
242,2761.0,2019-09,2019-09-35,2019-08-34,2019-08-33,2018-09-35,2018-08-34,2018-08-33
243,2842.0,2019-09,2019-09-35,2019-08-34,2019-08-33,2018-09-36,2018-08-35,2018-08-34
244,3232.0,2019-09,2019-09-35,2019-08-34,2019-08-33,2018-09-36,2018-08-35,2018-08-34
245,3510.0,2019-09,2019-09-35,2019-08-34,2019-08-33,2018-09-36,2018-08-35,2018-08-34
246,5065.0,2019-09,2019-09-35,2019-08-34,2019-08-33,2018-09-36,2018-08-35,2018-08-34
247,4519.0,2019-09,2019-09-35,2019-08-34,2019-08-33,2018-09-36,2018-08-35,2018-08-34
248,1425.0,2019-09,2019-09-35,2019-09-34,2019-08-33,2018-09-36,2018-09-35,2018-08-34
249,3469.0,2019-09,2019-09-36,2019-09-35,2019-08-34,2018-09-36,2018-09-35,2018-08-34
250,3533.0,2019-09,2019-09-36,2019-09-35,2019-08-34,2018-09-37,2018-09-36,2018-08-35
251,3268.0,2019-09,2019-09-36,2019-09-35,2019-08-34,2018-09-37,2018-09-36,2018-08-35
252,3443.0,2019-09,2019-09-36,2019-09-35,2019-08-34,2018-09-37,2018-09-36,2018-08-35
253,3831.0,2019-09,2019-09-36,2019-09-35,2019-08-34,2018-09-37,2018-09-36,2018-08-35
254,5083.0,2019-09,2019-09-36,2019-09-35,2019-08-34,2018-09-37,2018-09-36,2018-08-35
255,1277.0,2019-09,2019-09-36,2019-09-35,2019-09-34,2018-09-37,2018-09-36,2018-09-35
256,3224.0,2019-09,2019-09-37,2019-09-36,2019-09-35,2018-09-37,2018-09-36,2018-09-35
257,2982.0,2019-09,2019-09-37,2019-09-36,2019-09-35,2018-09-38,2018-09-37,2018-09-36
258,3000.0,2019-09,2019-09-37,2019-09-36,2019-09-35,2018-09-38,2018-09-37,2018-09-36
259,3283.0,2019-09,2019-09-37,2019-09-36,2019-09-35,2018-09-38,2018-09-37,2018-09-36
260,3775.0,2019-09,2019-09-37,2019-09-36,2019-09-35,2018-09-38,2018-09-37,2018-09-36
261,4192.0,2019-09,2019-09-37,2019-09-36,2019-09-35,2018-09-38,2018-09-37,2018-09-36
262,961.0,2019-09,2019-09-37,2019-09-36,2019-09-35,2018-09-38,2018-09-37,2018-09-36
263,2452.0,2019-09,2019-09-38,2019-09-37,2019-09-36,2018-09-38,2018-09-37,2018-09-36
264,2419.0,2019-09,2019-09-38,2019-09-37,2019-09-36,2018-09-39,2018-09-38,2018-09-37
265,2433.0,2019-09,2019-09-38,2019-09-37,2019-09-36,2018-09-39,2018-09-38,2018-09-37
266,2360.0,2019-09,2019-09-38,2019-09-37,2019-09-36,2018-09-39,2018-09-38,2018-09-37
267,3535.0,2019-09,2019-09-38,2019-09-37,2019-09-36,2018-09-39,2018-09-38,2018-09-37
268,4039.0,2019-09,2019-09-38,2019-09-37,2019-09-36,2018-09-39,2018-09-38,2018-09-37
269,1276.0,2019-09,2019-09-38,2019-09-37,2019-09-36,2018-09-39,2018-09-38,2018-09-37
270,2967.0,2019-09,2019-09-39,2019-09-38,2019-09-37,2018-09-39,2018-09-38,2018-09-37
271,3207.0,2019-10,2019-10-39,2019-09-38,2019-09-37,2018-10-40,2018-09-39,2018-09-38
272,3363.0,2019-10,2019-10-39,2019-09-38,2019-09-37,2018-10-40,2018-09-39,2018-09-38
273,3562.0,2019-10,2019-10-39,2019-09-38,2019-09-37,2018-10-40,2018-09-39,2018-09-38
274,4515.0,2019-10,2019-10-39,2019-09-38,2019-09-37,2018-10-40,2018-09-39,2018-09-38
275,5719.0,2019-10,2019-10-39,2019-09-38,2019-09-37,2018-10-40,2018-09-39,2018-09-38
276,1561.0,2019-10,2019-10-39,2019-09-38,2019-09-37,2018-10-40,2018-09-39,2018-09-38
277,3698.0,2019-10,2019-10-40,2019-09-39,2019-09-38,2018-10-40,2018-09-39,2018-09-38
278,3437.0,2019-10,2019-10-40,2019-10-39,2019-09-38,2018-10-41,2018-10-40,2018-09-39
279,3522.0,2019-10,2019-10-40,2019-10-39,2019-09-38,2018-10-41,2018-10-40,2018-09-39
280,4374.0,2019-10,2019-10-40,2019-10-39,2019-09-38,2018-10-41,2018-10-40,2018-09-39
281,5793.0,2019-10,2019-10-40,2019-10-39,2019-09-38,2018-10-41,2018-10-40,2018-09-39
282,5346.0,2019-10,2019-10-40,2019-10-39,2019-09-38,2018-10-41,2018-10-40,2018-09-39
283,1463.0,2019-10,2019-10-40,2019-10-39,2019-09-38,2018-10-41,2018-10-40,2018-09-39
284,3481.0,2019-10,2019-10-41,2019-10-40,2019-09-39,2018-10-41,2018-10-40,2018-09-39
285,3884.0,2019-10,2019-10-41,2019-10-40,2019-10-39,2018-10-42,2018-10-41,2018-10-40
286,3311.0,2019-10,2019-10-41,2019-10-40,2019-10-39,2018-10-42,2018-10-41,2018-10-40
287,3447.0,2019-10,2019-10-41,2019-10-40,2019-10-39,2018-10-42,2018-10-41,2018-10-40
288,3757.0,2019-10,2019-10-41,2019-10-40,2019-10-39,2018-10-42,2018-10-41,2018-10-40
289,5128.0,2019-10,2019-10-41,2019-10-40,2019-10-39,2018-10-42,2018-10-41,2018-10-40
290,1333.0,2019-10,2019-10-41,2019-10-40,2019-10-39,2018-10-42,2018-10-41,2018-10-40
291,3103.0,2019-10,2019-10-42,2019-10-41,2019-10-40,2018-10-43,2018-10-42,2018-10-41
292,2746.0,2019-10,2019-10-42,2019-10-41,2019-10-40,2018-10-43,2018-10-42,2018-10-41
293,2703.0,2019-10,2019-10-42,2019-10-41,2019-10-40,2018-10-43,2018-10-42,2018-10-41
294,3380.0,2019-10,2019-10-42,2019-10-41,2019-10-40,2018-10-43,2018-10-42,2018-10-41
295,4100.0,2019-10,2019-10-42,2019-10-41,2019-10-40,2018-10-43,2018-10-42,2018-10-41
296,1004.0,2019-10,2019-10-42,2019-10-41,2019-10-40,2018-10-43,2018-10-42,2018-10-41
297,2491.0,2019-10,2019-10-43,2019-10-42,2019-10-41,2018-10-43,2018-10-42,2018-10-41
298,2366.0,2019-10,2019-10-43,2019-10-42,2019-10-41,2018-10-44,2018-10-43,2018-10-42
299,2636.0,2019-10,2019-10-43,2019-10-42,2019-10-41,2018-10-44,2018-10-43,2018-10-42
300,3029.0,2019-10,2019-10-43,2019-10-42,2019-10-41,2018-10-44,2018-10-43,2018-10-42
301,3814.0,2019-11,2019-11-43,2019-10-42,2019-10-41,2018-11-44,2018-10-43,2018-10-42
302,3383.0,2019-11,2019-11-43,2019-10-42,2019-10-41,2018-11-44,2018-10-43,2018-10-42
303,1289.0,2019-11,2019-11-43,2019-10-42,2019-10-41,2018-11-44,2018-10-43,2018-10-42
304,2885.0,2019-11,2019-11-44,2019-10-43,2019-10-42,2018-11-44,2018-10-43,2018-10-42
305,3097.0,2019-11,2019-11-44,2019-10-43,2019-10-42,2018-11-45,2018-10-44,2018-10-43
306,3571.0,2019-11,2019-11-44,2019-10-43,2019-10-42,2018-11-45,2018-10-44,2018-10-43
307,3903.0,2019-11,2019-11-44,2019-10-43,2019-10-42,2018-11-45,2018-10-44,2018-10-43
308,4499.0,2019-11,2019-11-44,2019-11-43,2019-10-42,2018-11-45,2018-11-44,2018-10-43
309,5808.0,2019-11,2019-11-44,2019-11-43,2019-10-42,2018-11-45,2018-11-44,2018-10-43
310,1608.0,2019-11,2019-11-44,2019-11-43,2019-10-42,2018-11-45,2018-11-44,2018-10-43
311,2740.0,2019-11,2019-11-45,2019-11-44,2019-10-43,2018-11-45,2018-11-44,2018-10-43
312,3295.0,2019-11,2019-11-45,2019-11-44,2019-10-43,2018-11-46,2018-11-45,2018-10-44
313,3711.0,2019-11,2019-11-45,2019-11-44,2019-10-43,2018-11-46,2018-11-45,2018-10-44
314,3670.0,2019-11,2019-11-45,2019-11-44,2019-10-43,2018-11-46,2018-11-45,2018-10-44
315,2593.0,2019-11,2019-11-45,2019-11-44,2019-11-43,2018-11-46,2018-11-45,2018-11-44
316,5808.0,2019-11,2019-11-45,2019-11-44,2019-11-43,2018-11-46,2018-11-45,2018-11-44
317,1282.0,2019-11,2019-11-45,2019-11-44,2019-11-43,2018-11-46,2018-11-45,2018-11-44
318,3021.0,2019-11,2019-11-46,2019-11-45,2019-11-44,2018-11-46,2018-11-45,2018-11-44
319,3612.0,2019-11,2019-11-46,2019-11-45,2019-11-44,2018-11-47,2018-11-46,2018-11-45
320,2107.0,2019-11,2019-11-46,2019-11-45,2019-11-44,2018-11-47,2018-11-46,2018-11-45
321,3566.0,2019-11,2019-11-46,2019-11-45,2019-11-44,2018-11-47,2018-11-46,2018-11-45
322,5305.0,2019-11,2019-11-46,2019-11-45,2019-11-44,2018-11-47,2018-11-46,2018-11-45
323,4184.0,2019-11,2019-11-46,2019-11-45,2019-11-44,2018-11-47,2018-11-46,2018-11-45
324,1445.0,2019-11,2019-11-46,2019-11-45,2019-11-44,2018-11-47,2018-11-46,2018-11-45
325,3773.0,2019-11,2019-11-47,2019-11-46,2019-11-45,2018-11-47,2018-11-46,2018-11-45
326,3659.0,2019-11,2019-11-47,2019-11-46,2019-11-45,2018-11-48,2018-11-47,2018-11-46
327,3832.0,2019-11,2019-11-47,2019-11-46,2019-11-45,2018-11-48,2018-11-47,2018-11-46
328,3868.0,2019-11,2019-11-47,2019-11-46,2019-11-45,2018-11-48,2018-11-47,2018-11-46
329,8137.0,2019-11,2019-11-47,2019-11-46,2019-11-45,2018-11-48,2018-11-47,2018-11-46
330,8476.0,2019-11,2019-11-47,2019-11-46,2019-11-45,2018-11-48,2018-11-47,2018-11-46
331,2497.0,2019-12,2019-12-47,2019-11-46,2019-11-45,2018-12-48,2018-11-47,2018-11-46
332,5277.0,2019-12,2019-12-48,2019-11-47,2019-11-46,2018-12-48,2018-11-47,2018-11-46
333,5777.0,2019-12,2019-12-48,2019-11-47,2019-11-46,2018-12-49,2018-11-48,2018-11-47
334,6047.0,2019-12,2019-12-48,2019-11-47,2019-11-46,2018-12-49,2018-11-48,2018-11-47
335,6247.0,2019-12,2019-12-48,2019-11-47,2019-11-46,2018-12-49,2018-11-48,2018-11-47
336,7524.0,2019-12,2019-12-48,2019-11-47,2019-11-46,2018-12-49,2018-11-48,2018-11-47
337,10208.0,2019-12,2019-12-48,2019-11-47,2019-11-46,2018-12-49,2018-11-48,2018-11-47
338,3498.0,2019-12,2019-12-48,2019-12-47,2019-11-46,2018-12-49,2018-12-48,2018-11-47
339,7756.0,2019-12,2019-12-49,2019-12-48,2019-11-47,2018-12-49,2018-12-48,2018-11-47
340,8096.0,2019-12,2019-12-49,2019-12-48,2019-11-47,2018-12-50,2018-12-49,2018-11-48
341,8828.0,2019-12,2019-12-49,2019-12-48,2019-11-47,2018-12-50,2018-12-49,2018-11-48
342,8409.0,2019-12,2019-12-49,2019-12-48,2019-11-47,2018-12-50,2018-12-49,2018-11-48
343,10521.0,2019-12,2019-12-49,2019-12-48,2019-11-47,2018-12-50,2018-12-49,2018-11-48
344,13131.0,2019-12,2019-12-49,2019-12-48,2019-11-47,2018-12-50,2018-12-49,2018-11-48
345,5358.0,2019-12,2019-12-49,2019-12-48,2019-12-47,2018-12-50,2018-12-49,2018-12-48
346,10537.0,2019-12,2019-12-50,2019-12-49,2019-12-48,2018-12-50,2018-12-49,2018-12-48
347,10881.0,2019-12,2019-12-50,2019-12-49,2019-12-48,2018-12-51,2018-12-50,2018-12-49
348,12080.0,2019-12,2019-12-50,2019-12-49,2019-12-48,2018-12-51,2018-12-50,2018-12-49
349,13906.0,2019-12,2019-12-50,2019-12-49,2019-12-48,2018-12-51,2018-12-50,2018-12-49
350,16131.0,2019-12,2019-12-50,2019-12-49,2019-12-48,2018-12-51,2018-12-50,2018-12-49
351,17897.0,2019-12,2019-12-50,2019-12-49,2019-12-48,2018-12-51,2018-12-50,2018-12-49
352,11287.0,2019-12,2019-12-50,2019-12-49,2019-12-48,2018-12-51,2018-12-50,2018-12-49
353,21190.0,2019-12,2019-12-51,2019-12-50,2019-12-49,2018-12-51,2018-12-50,2018-12-49
354,15396.0,2019-12,2019-12-51,2019-12-50,2019-12-49,2018-12-52,2018-12-51,2018-12-50
355,6085.0,2019-12,2019-12-51,2019-12-50,2019-12-49,2018-12-52,2018-12-51,2018-12-50
356,7519.0,2019-12,2019-12-51,2019-12-50,2019-12-49,2018-12-52,2018-12-51,2018-12-50
357,8932.0,2019-12,2019-12-51,2019-12-50,2019-12-49,2018-12-52,2018-12-51,2018-12-50
358,3281.0,2019-12,2019-12-51,2019-12-50,2019-12-49,2018-12-52,2018-12-51,2018-12-50
359,10716.0,2019-12,2019-12-52,2019-12-51,2019-12-50,2018-12-52,2018-12-51,2018-12-50
360,6916.0,2019-12,2019-12-52,2019-12-51,2019-12-50,2018-12-53,2018-12-52,2018-12-51
361,2351.0,2020-01,2020-01-00,2019-12-51,2019-12-50,2019-01-00,2018-12-52,2018-12-51
362,2499.0,2020-01,2020-01-00,2019-12-51,2019-12-50,2019-01-00,2018-12-52,2018-12-51
363,3190.0,2020-01,2020-01-00,2019-12-51,2019-12-50,2019-01-00,2018-12-52,2018-12-51
364,894.0,2020-01,2020-01-00,2019-12-51,2019-12-50,2019-01-00,2018-12-52,2018-12-51
365,2634.0,2020-01,2020-01-01,2019-12-52,2019-12-51,2019-01-00,2018-12-52,2018-12-51
366,2709.0,2020-01,2020-01-01,2019-12-52,2019-12-51,2019-01-01,2018-12-53,2018-12-52
367,2683.0,2020-01,2020-01-01,2020-01-00,2019-12-51,2019-01-01,2019-01-00,2018-12-52
368,2867.0,2020-01,2020-01-01,2020-01-00,2019-12-51,2019-01-01,2019-01-00,2018-12-52
369,2854.0,2020-01,2020-01-01,2020-01-00,2019-12-51,2019-01-01,2019-01-00,2018-12-52
370,3001.0,2020-01,2020-01-01,2020-01-00,2019-12-51,2019-01-01,2019-01-00,2018-12-52
371,814.0,2020-01,2020-01-01,2020-01-00,2019-12-51,2019-01-01,2019-01-00,2018-12-52
372,2337.0,2020-01,2020-01-02,2020-01-01,2019-12-52,2019-01-01,2019-01-00,2018-12-52
373,2513.0,2020-01,2020-01-02,2020-01-01,2019-12-52,2019-01-02,2019-01-01,2018-12-53
374,2594.0,2020-01,2020-01-02,2020-01-01,2020-01-00,2019-01-02,2019-01-01,2019-01-00
375,2488.0,2020-01,2020-01-02,2020-01-01,2020-01-00,2019-01-02,2019-01-01,2019-01-00
376,2471.0,2020-01,2020-01-02,2020-01-01,2020-01-00,2019-01-02,2019-01-01,2019-01-00
377,3088.0,2020-01,2020-01-02,2020-01-01,2020-01-00,2019-01-02,2019-01-01,2019-01-00
378,824.0,2020-01,2020-01-02,2020-01-01,2020-01-00,2019-01-02,2019-01-01,2019-01-00
379,840.0,2020-01,2020-01-03,2020-01-02,2020-01-01,2019-01-02,2019-01-01,2019-01-00
380,2400.0,2020-01,2020-01-03,2020-01-02,2020-01-01,2019-01-03,2019-01-02,2019-01-01
381,2442.0,2020-01,2020-01-03,2020-01-02,2020-01-01,2019-01-03,2019-01-02,2019-01-01
382,2130.0,2020-01,2020-01-03,2020-01-02,2020-01-01,2019-01-03,2019-01-02,2019-01-01
383,2472.0,2020-01,2020-01-03,2020-01-02,2020-01-01,2019-01-03,2019-01-02,2019-01-01
384,3022.0,2020-01,2020-01-03,2020-01-02,2020-01-01,2019-01-03,2019-01-02,2019-01-01
385,783.0,2020-01,2020-01-03,2020-01-02,2020-01-01,2019-01-03,2019-01-02,2019-01-01
386,2204.0,2020-01,2020-01-04,2020-01-03,2020-01-02,2019-01-03,2019-01-02,2019-01-01
387,2088.0,2020-01,2020-01-04,2020-01-03,2020-01-02,2019-01-04,2019-01-03,2019-01-02
388,2283.0,2020-01,2020-01-04,2020-01-03,2020-01-02,2019-01-04,2019-01-03,2019-01-02
389,2311.0,2020-01,2020-01-04,2020-01-03,2020-01-02,2019-01-04,2019-01-03,2019-01-02
390,2712.0,2020-01,2020-01-04,2020-01-03,2020-01-02,2019-01-04,2019-01-03,2019-01-02
391,3241.0,2020-02,2020-02-04,2020-01-03,2020-01-02,2019-02-04,2019-01-03,2019-01-02
392,1038.0,2020-02,2020-02-04,2020-01-03,2020-01-02,2019-02-04,2019-01-03,2019-01-02
393,2803.0,2020-02,2020-02-05,2020-01-04,2020-01-03,2019-02-04,2019-01-03,2019-01-02
394,3189.0,2020-02,2020-02-05,2020-01-04,2020-01-03,2019-02-05,2019-01-04,2019-01-03
395,2673.0,2020-02,2020-02-05,2020-01-04,2020-01-03,2019-02-05,2019-01-04,2019-01-03
396,3140.0,2020-02,2020-02-05,2020-01-04,2020-01-03,2019-02-05,2019-01-04,2019-01-03
397,3687.0,2020-02,2020-02-05,2020-01-04,2020-01-03,2019-02-05,2019-01-04,2019-01-03
398,4359.0,2020-02,2020-02-05,2020-02-04,2020-01-03,2019-02-05,2019-02-04,2019-01-03
399,1249.0,2020-02,2020-02-05,2020-02-04,2020-01-03,2019-02-05,2019-02-04,2019-01-03
400,2746.0,2020-02,2020-02-06,2020-02-05,2020-01-04,2019-02-05,2019-02-04,2019-01-03
401,2413.0,2020-02,2020-02-06,2020-02-05,2020-01-04,2019-02-06,2019-02-05,2019-01-04
402,2295.0,2020-02,2020-02-06,2020-02-05,2020-01-04,2019-02-06,2019-02-05,2019-01-04
403,2603.0,2020-02,2020-02-06,2020-02-05,2020-01-04,2019-02-06,2019-02-05,2019-01-04
404,3090.0,2020-02,2020-02-06,2020-02-05,2020-01-04,2019-02-06,2019-02-05,2019-01-04
405,3533.0,2020-02,2020-02-06,2020-02-05,2020-02-04,2019-02-06,2019-02-05,2019-02-04
406,902.0,2020-02,2020-02-06,2020-02-05,2020-02-04,2019-02-06,2019-02-05,2019-02-04
407,2378.0,2020-02,2020-02-07,2020-02-06,2020-02-05,2019-02-06,2019-02-05,2019-02-04
408,2348.0,2020-02,2020-02-07,2020-02-06,2020-02-05,2019-02-07,2019-02-06,2019-02-05
409,2191.0,2020-02,2020-02-07,2020-02-06,2020-02-05,2019-02-07,2019-02-06,2019-02-05
410,2545.0,2020-02,2020-02-07,2020-02-06,2020-02-05,2019-02-07,2019-02-06,2019-02-05
411,2619.0,2020-02,2020-02-07,2020-02-06,2020-02-05,2019-02-07,2019-02-06,2019-02-05
412,2157.0,2020-02,2020-02-07,2020-02-06,2020-02-05,2019-02-07,2019-02-06,2019-02-05
413,561.0,2020-02,2020-02-07,2020-02-06,2020-02-05,2019-02-07,2019-02-06,2019-02-05
414,597.0,2020-02,2020-02-08,2020-02-07,2020-02-06,2019-02-07,2019-02-06,2019-02-05
415,1163.0,2020-02,2020-02-08,2020-02-07,2020-02-06,2019-02-08,2019-02-07,2019-02-06
416,1713.0,2020-02,2020-02-08,2020-02-07,2020-02-06,2019-02-08,2019-02-07,2019-02-06
417,2225.0,2020-02,2020-02-08,2020-02-07,2020-02-06,2019-02-08,2019-02-07,2019-02-06
418,2718.0,2020-02,2020-02-08,2020-02-07,2020-02-06,2019-02-08,2019-02-07,2019-02-06
419,636.0,2020-03,2020-03-08,2020-02-07,2020-02-06,2019-03-08,2019-02-07,2019-02-06
420,1957.0,2020-03,2020-03-09,2020-02-08,2020-02-07,2019-03-08,2019-02-07,2019-02-06
421,2085.0,2020-03,2020-03-09,2020-02-08,2020-02-07,2019-03-08,2019-02-07,2019-02-06
422,2186.0,2020-03,2020-03-09,2020-02-08,2020-02-07,2019-03-09,2019-02-08,2019-02-07
423,2360.0,2020-03,2020-03-09,2020-02-08,2020-02-07,2019-03-09,2019-02-08,2019-02-07
424,2819.0,2020-03,2020-03-09,2020-02-08,2020-02-07,2019-03-09,2019-02-08,2019-02-07
425,3831.0,2020-03,2020-03-09,2020-02-08,2020-02-07,2019-03-09,2019-02-08,2019-02-07
426,1280.0,2020-03,2020-03-09,2020-03-08,2020-02-07,2019-03-09,2019-03-08,2019-02-07
427,2295.0,2020-03,2020-03-10,2020-03-09,2020-02-08,2019-03-09,2019-03-08,2019-02-07
428,2713.0,2020-03,2020-03-10,2020-03-09,2020-02-08,2019-03-09,2019-03-08,2019-02-07
429,2677.0,2020-03,2020-03-10,2020-03-09,2020-02-08,2019-03-10,2019-03-09,2019-02-08
430,2475.0,2020-03,2020-03-10,2020-03-09,2020-02-08,2019-03-10,2019-03-09,2019-02-08
431,2809.0,2020-03,2020-03-10,2020-03-09,2020-02-08,2019-03-10,2019-03-09,2019-02-08
432,3165.0,2020-03,2020-03-10,2020-03-09,2020-02-08,2019-03-10,2019-03-09,2019-02-08
433,665.0,2020-03,2020-03-10,2020-03-09,2020-03-08,2019-03-10,2019-03-09,2019-03-08
434,1579.0,2020-03,2020-03-11,2020-03-10,2020-03-09,2019-03-10,2019-03-09,2019-03-08
435,1041.0,2020-03,2020-03-11,2020-03-10,2020-03-09,2019-03-10,2019-03-09,2019-03-08
436,660.0,2020-03,2020-03-11,2020-03-10,2020-03-09,2019-03-11,2019-03-10,2019-03-09
437,599.0,2020-03,2020-03-11,2020-03-10,2020-03-09,2019-03-11,2019-03-10,2019-03-09
438,478.0,2020-03,2020-03-11,2020-03-10,2020-03-09,2019-03-11,2019-03-10,2019-03-09
439,195.0,2020-03,2020-03-11,2020-03-10,2020-03-09,2019-03-11,2019-03-10,2019-03-09
440,5.0,2020-05,2020-05-19,2020-05-18,2020-05-17,2019-05-19,2019-05-18,2019-05-17
441,2.0,2020-05,2020-05-21,2020-05-20,2020-05-19,2019-05-21,2019-05-20,2019-05-19
442,1.0,2020-06,2020-06-22,2020-05-21,2020-05-20,2019-06-21,2019-05-20,2019-05-19
443,2.0,2020-06,2020-06-22,2020-05-21,2020-05-20,2019-06-22,2019-05-21,2019-05-20
444,2.0,2020-06,2020-06-23,2020-06-22,2020-05-21,2019-06-23,2019-06-22,2019-05-21
445,1204.0,2020-06,2020-06-23,2020-06-22,2020-05-21,2019-06-23,2019-06-22,2019-05-21
446,1222.0,2020-06,2020-06-23,2020-06-22,2020-05-21,2019-06-23,2019-06-22,2019-05-21
447,1022.0,2020-06,2020-06-23,2020-06-22,2020-05-21,2019-06-23,2019-06-22,2019-05-21
448,514.0,2020-06,2020-06-23,2020-06-22,2020-05-21,2019-06-23,2019-06-22,2019-05-21
449,745.0,2020-06,2020-06-24,2020-06-23,2020-06-22,2019-06-23,2019-06-22,2019-06-21
450,766.0,2020-06,2020-06-24,2020-06-23,2020-06-22,2019-06-23,2019-06-22,2019-06-21
451,759.0,2020-06,2020-06-24,2020-06-23,2020-06-22,2019-06-24,2019-06-23,2019-06-22
452,757.0,2020-06,2020-06-24,2020-06-23,2020-06-22,2019-06-24,2019-06-23,2019-06-22
453,711.0,2020-06,2020-06-24,2020-06-23,2020-06-22,2019-06-24,2019-06-23,2019-06-22
454,1068.0,2020-06,2020-06-24,2020-06-23,2020-06-22,2019-06-24,2019-06-23,2019-06-22
455,501.0,2020-06,2020-06-24,2020-06-23,2020-06-22,2019-06-24,2019-06-23,2019-06-22
456,625.0,2020-06,2020-06-25,2020-06-24,2020-06-23,2019-06-24,2019-06-23,2019-06-22
457,645.0,2020-06,2020-06-25,2020-06-24,2020-06-23,2019-06-24,2019-06-23,2019-06-22
458,799.0,2020-06,2020-06-25,2020-06-24,2020-06-23,2019-06-25,2019-06-24,2019-06-23
459,695.0,2020-06,2020-06-25,2020-06-24,2020-06-23,2019-06-25,2019-06-24,2019-06-23
460,712.0,2020-06,2020-06-25,2020-06-24,2020-06-23,2019-06-25,2019-06-24,2019-06-23
461,1546.0,2020-06,2020-06-25,2020-06-24,2020-06-23,2019-06-25,2019-06-24,2019-06-23
462,463.0,2020-06,2020-06-25,2020-06-24,2020-06-23,2019-06-25,2019-06-24,2019-06-23
463,1442.0,2020-06,2020-06-26,2020-06-25,2020-06-24,2019-06-25,2019-06-24,2019-06-23
464,1721.0,2020-06,2020-06-26,2020-06-25,2020-06-24,2019-06-25,2019-06-24,2019-06-23
465,1783.0,2020-07,2020-07-26,2020-06-25,2020-06-24,2019-07-26,2019-06-25,2019-06-24
466,2076.0,2020-07,2020-07-26,2020-06-25,2020-06-24,2019-07-26,2019-06-25,2019-06-24
467,2134.0,2020-07,2020-07-26,2020-06-25,2020-06-24,2019-07-26,2019-06-25,2019-06-24
468,2543.0,2020-07,2020-07-26,2020-06-25,2020-06-24,2019-07-26,2019-06-25,2019-06-24
469,690.0,2020-07,2020-07-26,2020-06-25,2020-06-24,2019-07-26,2019-06-25,2019-06-24
470,2042.0,2020-07,2020-07-27,2020-06-26,2020-06-25,2019-07-26,2019-06-25,2019-06-24
471,2256.0,2020-07,2020-07-27,2020-06-26,2020-06-25,2019-07-26,2019-06-25,2019-06-24
472,2517.0,2020-07,2020-07-27,2020-07-26,2020-06-25,2019-07-27,2019-07-26,2019-06-25
473,2026.0,2020-07,2020-07-27,2020-07-26,2020-06-25,2019-07-27,2019-07-26,2019-06-25
474,2545.0,2020-07,2020-07-27,2020-07-26,2020-06-25,2019-07-27,2019-07-26,2019-06-25
475,2813.0,2020-07,2020-07-27,2020-07-26,2020-06-25,2019-07-27,2019-07-26,2019-06-25
476,718.0,2020-07,2020-07-27,2020-07-26,2020-06-25,2019-07-27,2019-07-26,2019-06-25
477,1790.0,2020-07,2020-07-28,2020-07-27,2020-06-26,2019-07-27,2019-07-26,2019-06-25
478,1492.0,2020-07,2020-07-28,2020-07-27,2020-06-26,2019-07-27,2019-07-26,2019-06-25
479,1756.0,2020-07,2020-07-28,2020-07-27,2020-07-26,2019-07-28,2019-07-27,2019-07-26
480,2078.0,2020-07,2020-07-28,2020-07-27,2020-07-26,2019-07-28,2019-07-27,2019-07-26
481,2144.0,2020-07,2020-07-28,2020-07-27,2020-07-26,2019-07-28,2019-07-27,2019-07-26
482,2799.0,2020-07,2020-07-28,2020-07-27,2020-07-26,2019-07-28,2019-07-27,2019-07-26
483,712.0,2020-07,2020-07-28,2020-07-27,2020-07-26,2019-07-28,2019-07-27,2019-07-26
484,1772.0,2020-07,2020-07-29,2020-07-28,2020-07-27,2019-07-28,2019-07-27,2019-07-26
485,1808.0,2020-07,2020-07-29,2020-07-28,2020-07-27,2019-07-28,2019-07-27,2019-07-26
486,1788.0,2020-07,2020-07-29,2020-07-28,2020-07-27,2019-07-29,2019-07-28,2019-07-27
487,1842.0,2020-07,2020-07-29,2020-07-28,2020-07-27,2019-07-29,2019-07-28,2019-07-27
488,1917.0,2020-07,2020-07-29,2020-07-28,2020-07-27,2019-07-29,2019-07-28,2019-07-27
489,2546.0,2020-07,2020-07-29,2020-07-28,2020-07-27,2019-07-29,2019-07-28,2019-07-27
490,640.0,2020-07,2020-07-29,2020-07-28,2020-07-27,2019-07-29,2019-07-28,2019-07-27
491,1643.0,2020-07,2020-07-30,2020-07-29,2020-07-28,2019-07-29,2019-07-28,2019-07-27
492,1784.0,2020-07,2020-07-30,2020-07-29,2020-07-28,2019-07-29,2019-07-28,2019-07-27
493,1561.0,2020-07,2020-07-30,2020-07-29,2020-07-28,2019-07-30,2019-07-29,2019-07-28
494,1490.0,2020-07,2020-07-30,2020-07-29,2020-07-28,2019-07-30,2019-07-29,2019-07-28
495,2237.0,2020-07,2020-07-30,2020-07-29,2020-07-28,2019-07-30,2019-07-29,2019-07-28
496,3250.0,2020-08,2020-08-30,2020-07-29,2020-07-28,2019-08-30,2019-07-29,2019-07-28
497,742.0,2020-08,2020-08-30,2020-07-29,2020-07-28,2019-08-30,2019-07-29,2019-07-28
498,2142.0,2020-08,2020-08-31,2020-07-30,2020-07-29,2019-08-30,2019-07-29,2019-07-28
499,2209.0,2020-08,2020-08-31,2020-07-30,2020-07-29,2019-08-30,2019-07-29,2019-07-28
500,2318.0,2020-08,2020-08-31,2020-07-30,2020-07-29,2019-08-31,2019-07-30,2019-07-29
501,2684.0,2020-08,2020-08-31,2020-07-30,2020-07-29,2019-08-31,2019-07-30,2019-07-29
502,3433.0,2020-08,2020-08-31,2020-07-30,2020-07-29,2019-08-31,2019-07-30,2019-07-29
503,4289.0,2020-08,2020-08-31,2020-08-30,2020-07-29,2019-08-31,2019-08-30,2019-07-29
504,705.0,2020-08,2020-08-31,2020-08-30,2020-07-29,2019-08-31,2019-08-30,2019-07-29
505,2442.0,2020-08,2020-08-32,2020-08-31,2020-07-30,2019-08-31,2019-08-30,2019-07-29
506,2130.0,2020-08,2020-08-32,2020-08-31,2020-07-30,2019-08-31,2019-08-30,2019-07-29
507,2273.0,2020-08,2020-08-32,2020-08-31,2020-07-30,2019-08-32,2019-08-31,2019-07-30
508,2334.0,2020-08,2020-08-32,2020-08-31,2020-07-30,2019-08-32,2019-08-31,2019-07-30
509,2865.0,2020-08,2020-08-32,2020-08-31,2020-07-30,2019-08-32,2019-08-31,2019-07-30
510,3370.0,2020-08,2020-08-32,2020-08-31,2020-08-30,2019-08-32,2019-08-31,2019-08-30
511,856.0,2020-08,2020-08-32,2020-08-31,2020-08-30,2019-08-32,2019-08-31,2019-08-30
512,2063.0,2020-08,2020-08-33,2020-08-32,2020-08-31,2019-08-32,2019-08-31,2019-08-30
513,2310.0,2020-08,2020-08-33,2020-08-32,2020-08-31,2019-08-32,2019-08-31,2019-08-30
514,2276.0,2020-08,2020-08-33,2020-08-32,2020-08-31,2019-08-33,2019-08-32,2019-08-31
515,2165.0,2020-08,2020-08-33,2020-08-32,2020-08-31,2019-08-33,2019-08-32,2019-08-31
516,2166.0,2020-08,2020-08-33,2020-08-32,2020-08-31,2019-08-33,2019-08-32,2019-08-31
517,2958.0,2020-08,2020-08-33,2020-08-32,2020-08-31,2019-08-33,2019-08-32,2019-08-31
518,864.0,2020-08,2020-08-33,2020-08-32,2020-08-31,2019-08-33,2019-08-32,2019-08-31
519,2252.0,2020-08,2020-08-34,2020-08-33,2020-08-32,2019-08-33,2019-08-32,2019-08-31
520,2136.0,2020-08,2020-08-34,2020-08-33,2020-08-32,2019-08-33,2019-08-32,2019-08-31
521,2137.0,2020-08,2020-08-34,2020-08-33,2020-08-32,2019-08-34,2019-08-33,2019-08-32
522,2271.0,2020-08,2020-08-34,2020-08-33,2020-08-32,2019-08-34,2019-08-33,2019-08-32
523,2775.0,2020-08,2020-08-34,2020-08-33,2020-08-32,2019-08-34,2019-08-33,2019-08-32
524,3283.0,2020-08,2020-08-34,2020-08-33,2020-08-32,2019-08-34,2019-08-33,2019-08-32
525,811.0,2020-08,2020-08-34,2020-08-33,2020-08-32,2019-08-34,2019-08-33,2019-08-32
526,1979.0,2020-08,2020-08-35,2020-08-34,2020-08-33,2019-08-34,2019-08-33,2019-08-32
527,2270.0,2020-09,2020-09-35,2020-08-34,2020-08-33,2019-09-34,2019-08-33,2019-08-32
528,2448.0,2020-09,2020-09-35,2020-08-34,2020-08-33,2019-09-35,2019-08-34,2019-08-33
529,2650.0,2020-09,2020-09-35,2020-08-34,2020-08-33,2019-09-35,2019-08-34,2019-08-33
530,3286.0,2020-09,2020-09-35,2020-08-34,2020-08-33,2019-09-35,2019-08-34,2019-08-33
531,4387.0,2020-09,2020-09-35,2020-08-34,2020-08-33,2019-09-35,2019-08-34,2019-08-33
532,1250.0,2020-09,2020-09-35,2020-08-34,2020-08-33,2019-09-35,2019-08-34,2019-08-33
533,1122.0,2020-09,2020-09-36,2020-08-35,2020-08-34,2019-09-35,2019-08-34,2019-08-33
534,2587.0,2020-09,2020-09-36,2020-09-35,2020-08-34,2019-09-35,2019-09-34,2019-08-33
535,2684.0,2020-09,2020-09-36,2020-09-35,2020-08-34,2019-09-36,2019-09-35,2019-08-34
536,3206.0,2020-09,2020-09-36,2020-09-35,2020-08-34,2019-09-36,2019-09-35,2019-08-34
537,3409.0,2020-09,2020-09-36,2020-09-35,2020-08-34,2019-09-36,2019-09-35,2019-08-34
538,4080.0,2020-09,2020-09-36,2020-09-35,2020-08-34,2019-09-36,2019-09-35,2019-08-34
539,899.0,2020-09,2020-09-36,2020-09-35,2020-08-34,2019-09-36,2019-09-35,2019-08-34
540,2478.0,2020-09,2020-09-37,2020-09-36,2020-08-35,2019-09-36,2019-09-35,2019-08-34
541,2705.0,2020-09,2020-09-37,2020-09-36,2020-09-35,2019-09-36,2019-09-35,2019-09-34
542,2876.0,2020-09,2020-09-37,2020-09-36,2020-09-35,2019-09-37,2019-09-36,2019-09-35
543,3027.0,2020-09,2020-09-37,2020-09-36,2020-09-35,2019-09-37,2019-09-36,2019-09-35
544,3442.0,2020-09,2020-09-37,2020-09-36,2020-09-35,2019-09-37,2019-09-36,2019-09-35
545,3966.0,2020-09,2020-09-37,2020-09-36,2020-09-35,2019-09-37,2019-09-36,2019-09-35
546,820.0,2020-09,2020-09-37,2020-09-36,2020-09-35,2019-09-37,2019-09-36,2019-09-35
547,2385.0,2020-09,2020-09-38,2020-09-37,2020-09-36,2019-09-37,2019-09-36,2019-09-35
548,1323.0,2020-09,2020-09-38,2020-09-37,2020-09-36,2019-09-37,2019-09-36,2019-09-35
549,2504.0,2020-09,2020-09-38,2020-09-37,2020-09-36,2019-09-38,2019-09-37,2019-09-36
550,2843.0,2020-09,2020-09-38,2020-09-37,2020-09-36,2019-09-38,2019-09-37,2019-09-36
551,3154.0,2020-09,2020-09-38,2020-09-37,2020-09-36,2019-09-38,2019-09-37,2019-09-36
552,3336.0,2020-09,2020-09-38,2020-09-37,2020-09-36,2019-09-38,2019-09-37,2019-09-36
553,739.0,2020-09,2020-09-38,2020-09-37,2020-09-36,2019-09-38,2019-09-37,2019-09-36
554,2137.0,2020-09,2020-09-39,2020-09-38,2020-09-37,2019-09-38,2019-09-37,2019-09-36
555,2274.0,2020-09,2020-09-39,2020-09-38,2020-09-37,2019-09-38,2019-09-37,2019-09-36
556,2679.0,2020-09,2020-09-39,2020-09-38,2020-09-37,2019-09-39,2019-09-38,2019-09-37
557,2810.0,2020-10,2020-10-39,2020-09-38,2020-09-37,2019-10-39,2019-09-38,2019-09-37
558,3006.0,2020-10,2020-10-39,2020-09-38,2020-09-37,2019-10-39,2019-09-38,2019-09-37
559,3994.0,2020-10,2020-10-39,2020-09-38,2020-09-37,2019-10-39,2019-09-38,2019-09-37
560,1187.0,2020-10,2020-10-39,2020-09-38,2020-09-37,2019-10-39,2019-09-38,2019-09-37
561,2828.0,2020-10,2020-10-40,2020-09-39,2020-09-38,2019-10-39,2019-09-38,2019-09-37
562,3122.0,2020-10,2020-10-40,2020-09-39,2020-09-38,2019-10-39,2019-09-38,2019-09-37
563,3478.0,2020-10,2020-10-40,2020-09-39,2020-09-38,2019-10-40,2019-09-39,2019-09-38
564,3938.0,2020-10,2020-10-40,2020-10-39,2020-09-38,2019-10-40,2019-10-39,2019-09-38
565,4358.0,2020-10,2020-10-40,2020-10-39,2020-09-38,2019-10-40,2019-10-39,2019-09-38
566,5970.0,2020-10,2020-10-40,2020-10-39,2020-09-38,2019-10-40,2019-10-39,2019-09-38
567,2048.0,2020-10,2020-10-40,2020-10-39,2020-09-38,2019-10-40,2019-10-39,2019-09-38
568,2340.0,2020-10,2020-10-41,2020-10-40,2020-09-39,2019-10-40,2019-10-39,2019-09-38
569,3146.0,2020-10,2020-10-41,2020-10-40,2020-09-39,2019-10-40,2019-10-39,2019-09-38
570,3205.0,2020-10,2020-10-41,2020-10-40,2020-09-39,2019-10-41,2019-10-40,2019-09-39
571,3395.0,2020-10,2020-10-41,2020-10-40,2020-10-39,2019-10-41,2019-10-40,2019-10-39
572,3550.0,2020-10,2020-10-41,2020-10-40,2020-10-39,2019-10-41,2019-10-40,2019-10-39
573,4488.0,2020-10,2020-10-41,2020-10-40,2020-10-39,2019-10-41,2019-10-40,2019-10-39
574,1267.0,2020-10,2020-10-41,2020-10-40,2020-10-39,2019-10-41,2019-10-40,2019-10-39
575,3749.0,2020-10,2020-10-42,2020-10-41,2020-10-40,2019-10-41,2019-10-40,2019-10-39
576,3179.0,2020-10,2020-10-42,2020-10-41,2020-10-40,2019-10-42,2019-10-41,2019-10-40
577,3301.0,2020-10,2020-10-42,2020-10-41,2020-10-40,2019-10-42,2019-10-41,2019-10-40
578,3550.0,2020-10,2020-10-42,2020-10-41,2020-10-40,2019-10-42,2019-10-41,2019-10-40
579,3840.0,2020-10,2020-10-42,2020-10-41,2020-10-40,2019-10-42,2019-10-41,2019-10-40
580,1141.0,2020-10,2020-10-42,2020-10-41,2020-10-40,2019-10-42,2019-10-41,2019-10-40
581,2668.0,2020-10,2020-10-43,2020-10-42,2020-10-41,2019-10-42,2019-10-41,2019-10-40
582,2565.0,2020-10,2020-10-43,2020-10-42,2020-10-41,2019-10-42,2019-10-41,2019-10-40
583,2637.0,2020-10,2020-10-43,2020-10-42,2020-10-41,2019-10-43,2019-10-42,2019-10-41
584,2841.0,2020-10,2020-10-43,2020-10-42,2020-10-41,2019-10-43,2019-10-42,2019-10-41
585,2600.0,2020-10,2020-10-43,2020-10-42,2020-10-41,2019-10-43,2019-10-42,2019-10-41
586,3649.0,2020-10,2020-10-43,2020-10-42,2020-10-41,2019-10-43,2019-10-42,2019-10-41
587,1161.0,2020-11,2020-11-43,2020-10-42,2020-10-41,2019-11-43,2019-10-42,2019-10-41
588,1173.0,2020-11,2020-11-44,2020-10-43,2020-10-42,2019-11-43,2019-10-42,2019-10-41
589,2613.0,2020-11,2020-11-44,2020-10-43,2020-10-42,2019-11-43,2019-10-42,2019-10-41
590,2893.0,2020-11,2020-11-44,2020-10-43,2020-10-42,2019-11-44,2019-10-43,2019-10-42
591,2910.0,2020-11,2020-11-44,2020-10-43,2020-10-42,2019-11-44,2019-10-43,2019-10-42
592,3669.0,2020-11,2020-11-44,2020-10-43,2020-10-42,2019-11-44,2019-10-43,2019-10-42
593,4628.0,2020-11,2020-11-44,2020-10-43,2020-10-42,2019-11-44,2019-10-43,2019-10-42
594,1131.0,2020-11,2020-11-44,2020-11-43,2020-10-42,2019-11-44,2019-11-43,2019-10-42
595,3215.0,2020-11,2020-11-45,2020-11-44,2020-10-43,2019-11-44,2019-11-43,2019-10-42
596,3173.0,2020-11,2020-11-45,2020-11-44,2020-10-43,2019-11-44,2019-11-43,2019-10-42
597,3051.0,2020-11,2020-11-45,2020-11-44,2020-10-43,2019-11-45,2019-11-44,2019-10-43
598,3067.0,2020-11,2020-11-45,2020-11-44,2020-10-43,2019-11-45,2019-11-44,2019-10-43
599,3651.0,2020-11,2020-11-45,2020-11-44,2020-10-43,2019-11-45,2019-11-44,2019-10-43
600,4732.0,2020-11,2020-11-45,2020-11-44,2020-10-43,2019-11-45,2019-11-44,2019-10-43
601,1087.0,2020-11,2020-11-45,2020-11-44,2020-11-43,2019-11-45,2019-11-44,2019-11-43
602,2781.0,2020-11,2020-11-46,2020-11-45,2020-11-44,2019-11-45,2019-11-44,2019-11-43
603,3064.0,2020-11,2020-11-46,2020-11-45,2020-11-44,2019-11-45,2019-11-44,2019-11-43
604,2674.0,2020-11,2020-11-46,2020-11-45,2020-11-44,2019-11-46,2019-11-45,2019-11-44
605,3293.0,2020-11,2020-11-46,2020-11-45,2020-11-44,2019-11-46,2019-11-45,2019-11-44
606,1851.0,2020-11,2020-11-46,2020-11-45,2020-11-44,2019-11-46,2019-11-45,2019-11-44
607,4454.0,2020-11,2020-11-46,2020-11-45,2020-11-44,2019-11-46,2019-11-45,2019-11-44
608,1092.0,2020-11,2020-11-46,2020-11-45,2020-11-44,2019-11-46,2019-11-45,2019-11-44
609,2766.0,2020-11,2020-11-47,2020-11-46,2020-11-45,2019-11-46,2019-11-45,2019-11-44
610,3127.0,2020-11,2020-11-47,2020-11-46,2020-11-45,2019-11-46,2019-11-45,2019-11-44
611,3113.0,2020-11,2020-11-47,2020-11-46,2020-11-45,2019-11-47,2019-11-46,2019-11-45
612,3723.0,2020-11,2020-11-47,2020-11-46,2020-11-45,2019-11-47,2019-11-46,2019-11-45
613,5377.0,2020-11,2020-11-47,2020-11-46,2020-11-45,2019-11-47,2019-11-46,2019-11-45
614,5771.0,2020-11,2020-11-47,2020-11-46,2020-11-45,2019-11-47,2019-11-46,2019-11-45
615,1568.0,2020-11,2020-11-47,2020-11-46,2020-11-45,2019-11-47,2019-11-46,2019-11-45
616,3848.0,2020-11,2020-11-48,2020-11-47,2020-11-46,2019-11-47,2019-11-46,2019-11-45
617,4328.0,2020-12,2020-12-48,2020-11-47,2020-11-46,2019-12-47,2019-11-46,2019-11-45
618,4708.0,2020-12,2020-12-48,2020-11-47,2020-11-46,2019-12-48,2019-11-47,2019-11-46
619,4844.0,2020-12,2020-12-48,2020-11-47,2020-11-46,2019-12-48,2019-11-47,2019-11-46
620,5441.0,2020-12,2020-12-48,2020-11-47,2020-11-46,2019-12-48,2019-11-47,2019-11-46
621,7281.0,2020-12,2020-12-48,2020-11-47,2020-11-46,2019-12-48,2019-11-47,2019-11-46
622,2510.0,2020-12,2020-12-48,2020-11-47,2020-11-46,2019-12-48,2019-11-47,2019-11-46
623,5040.0,2020-12,2020-12-49,2020-11-48,2020-11-47,2019-12-48,2019-11-47,2019-11-46
624,6045.0,2020-12,2020-12-49,2020-12-48,2020-11-47,2019-12-48,2019-12-47,2019-11-46
625,5827.0,2020-12,2020-12-49,2020-12-48,2020-11-47,2019-12-49,2019-12-48,2019-11-47
626,5894.0,2020-12,2020-12-49,2020-12-48,2020-11-47,2019-12-49,2019-12-48,2019-11-47
627,6975.0,2020-12,2020-12-49,2020-12-48,2020-11-47,2019-12-49,2019-12-48,2019-11-47
628,9209.0,2020-12,2020-12-49,2020-12-48,2020-11-47,2019-12-49,2019-12-48,2019-11-47
629,3258.0,2020-12,2020-12-49,2020-12-48,2020-11-47,2019-12-49,2019-12-48,2019-11-47
630,7298.0,2020-12,2020-12-50,2020-12-49,2020-11-48,2019-12-49,2019-12-48,2019-11-47
631,7885.0,2020-12,2020-12-50,2020-12-49,2020-12-48,2019-12-49,2019-12-48,2019-12-47
632,8095.0,2020-12,2020-12-50,2020-12-49,2020-12-48,2019-12-50,2019-12-49,2019-12-48
633,8939.0,2020-12,2020-12-50,2020-12-49,2020-12-48,2019-12-50,2019-12-49,2019-12-48
634,10197.0,2020-12,2020-12-50,2020-12-49,2020-12-48,2019-12-50,2019-12-49,2019-12-48
635,13276.0,2020-12,2020-12-50,2020-12-49,2020-12-48,2019-12-50,2019-12-49,2019-12-48
636,6535.0,2020-12,2020-12-50,2020-12-49,2020-12-48,2019-12-50,2019-12-49,2019-12-48
637,12709.0,2020-12,2020-12-51,2020-12-50,2020-12-49,2019-12-50,2019-12-49,2019-12-48
638,13215.0,2020-12,2020-12-51,2020-12-50,2020-12-49,2019-12-50,2019-12-49,2019-12-48
639,16546.0,2020-12,2020-12-51,2020-12-50,2020-12-49,2019-12-51,2019-12-50,2019-12-49
640,11458.0,2020-12,2020-12-51,2020-12-50,2020-12-49,2019-12-51,2019-12-50,2019-12-49
641,5928.0,2020-12,2020-12-51,2020-12-50,2020-12-49,2019-12-51,2019-12-50,2019-12-49
642,1664.0,2020-12,2020-12-51,2020-12-50,2020-12-49,2019-12-51,2019-12-50,2019-12-49
643,5925.0,2020-12,2020-12-52,2020-12-51,2020-12-50,2019-12-51,2019-12-50,2019-12-49
644,7022.0,2020-12,2020-12-52,2020-12-51,2020-12-50,2019-12-51,2019-12-50,2019-12-49
645,8266.0,2020-12,2020-12-52,2020-12-51,2020-12-50,2019-12-52,2019-12-51,2019-12-50
646,5231.0,2020-12,2020-12-52,2020-12-51,2020-12-50,2019-12-52,2019-12-51,2019-12-50
647,1823.0,2021-01,2021-01-00,2020-12-51,2020-12-50,2020-01-00,2019-12-51,2019-12-50
648,751.0,2021-01,2021-01-00,2020-12-51,2020-12-50,2020-01-00,2019-12-51,2019-12-50
649,2102.0,2021-01,2021-01-01,2020-12-52,2020-12-51,2020-01-00,2019-12-51,2019-12-50
650,2327.0,2021-01,2021-01-01,2020-12-52,2020-12-51,2020-01-00,2019-12-51,2019-12-50
651,2145.0,2021-01,2021-01-01,2020-12-52,2020-12-51,2020-01-01,2019-12-52,2019-12-51
652,2423.0,2021-01,2021-01-01,2020-12-52,2020-12-51,2020-01-01,2019-12-52,2019-12-51
653,2675.0,2021-01,2021-01-01,2021-01-00,2020-12-51,2020-01-01,2020-01-00,2019-12-51
654,2903.0,2021-01,2021-01-01,2021-01-00,2020-12-51,2020-01-01,2020-01-00,2019-12-51
655,892.0,2021-01,2021-01-01,2021-01-00,2020-12-51,2020-01-01,2020-01-00,2019-12-51
656,2286.0,2021-01,2021-01-02,2021-01-01,2020-12-52,2020-01-01,2020-01-00,2019-12-51
657,2010.0,2021-01,2021-01-02,2021-01-01,2020-12-52,2020-01-01,2020-01-00,2019-12-51
658,1965.0,2021-01,2021-01-02,2021-01-01,2020-12-52,2020-01-02,2020-01-01,2019-12-52
659,2043.0,2021-01,2021-01-02,2021-01-01,2020-12-52,2020-01-02,2020-01-01,2019-12-52
660,2102.0,2021-01,2021-01-02,2021-01-01,2021-01-00,2020-01-02,2020-01-01,2020-01-00
661,2332.0,2021-01,2021-01-02,2021-01-01,2021-01-00,2020-01-02,2020-01-01,2020-01-00
662,619.0,2021-01,2021-01-02,2021-01-01,2021-01-00,2020-01-02,2020-01-01,2020-01-00
663,1753.0,2021-01,2021-01-03,2021-01-02,2021-01-01,2020-01-02,2020-01-01,2020-01-00
664,1804.0,2021-01,2021-01-03,2021-01-02,2021-01-01,2020-01-02,2020-01-01,2020-01-00
665,617.0,2021-01,2021-01-03,2021-01-02,2021-01-01,2020-01-03,2020-01-02,2020-01-01
666,1868.0,2021-01,2021-01-03,2021-01-02,2021-01-01,2020-01-03,2020-01-02,2020-01-01
667,1831.0,2021-01,2021-01-03,2021-01-02,2021-01-01,2020-01-03,2020-01-02,2020-01-01
668,1822.0,2021-01,2021-01-03,2021-01-02,2021-01-01,2020-01-03,2020-01-02,2020-01-01
669,518.0,2021-01,2021-01-03,2021-01-02,2021-01-01,2020-01-03,2020-01-02,2020-01-01
670,1482.0,2021-01,2021-01-04,2021-01-03,2021-01-02,2020-01-03,2020-01-02,2020-01-01
671,1448.0,2021-01,2021-01-04,2021-01-03,2021-01-02,2020-01-03,2020-01-02,2020-01-01
672,1424.0,2021-01,2021-01-04,2021-01-03,2021-01-02,2020-01-04,2020-01-03,2020-01-02
673,1486.0,2021-01,2021-01-04,2021-01-03,2021-01-02,2020-01-04,2020-01-03,2020-01-02
674,1584.0,2021-01,2021-01-04,2021-01-03,2021-01-02,2020-01-04,2020-01-03,2020-01-02
675,1794.0,2021-01,2021-01-04,2021-01-03,2021-01-02,2020-01-04,2020-01-03,2020-01-02
676,539.0,2021-01,2021-01-04,2021-01-03,2021-01-02,2020-01-04,2020-01-03,2020-01-02
677,1544.0,2021-02,2021-02-05,2021-01-04,2021-01-03,2020-02-04,2020-01-03,2020-01-02
678,1481.0,2021-02,2021-02-05,2021-01-04,2021-01-03,2020-02-04,2020-01-03,2020-01-02
679,1674.0,2021-02,2021-02-05,2021-01-04,2021-01-03,2020-02-05,2020-01-04,2020-01-03
680,1692.0,2021-02,2021-02-05,2021-01-04,2021-01-03,2020-02-05,2020-01-04,2020-01-03
681,1749.0,2021-02,2021-02-05,2021-01-04,2021-01-03,2020-02-05,2020-01-04,2020-01-03
682,2523.0,2021-02,2021-02-05,2021-01-04,2021-01-03,2020-02-05,2020-01-04,2020-01-03
683,791.0,2021-02,2021-02-05,2021-01-04,2021-01-03,2020-02-05,2020-01-04,2020-01-03
684,1760.0,2021-02,2021-02-06,2021-02-05,2021-01-04,2020-02-05,2020-02-04,2020-01-03
685,1804.0,2021-02,2021-02-06,2021-02-05,2021-01-04,2020-02-05,2020-02-04,2020-01-03
686,1813.0,2021-02,2021-02-06,2021-02-05,2021-01-04,2020-02-06,2020-02-05,2020-01-04
687,1778.0,2021-02,2021-02-06,2021-02-05,2021-01-04,2020-02-06,2020-02-05,2020-01-04
688,2073.0,2021-02,2021-02-06,2021-02-05,2021-01-04,2020-02-06,2020-02-05,2020-01-04
689,2269.0,2021-02,2021-02-06,2021-02-05,2021-01-04,2020-02-06,2020-02-05,2020-01-04
690,557.0,2021-02,2021-02-06,2021-02-05,2021-01-04,2020-02-06,2020-02-05,2020-01-04
691,1617.0,2021-02,2021-02-07,2021-02-06,2021-02-05,2020-02-06,2020-02-05,2020-02-04
692,436.0,2021-02,2021-02-07,2021-02-06,2021-02-05,2020-02-06,2020-02-05,2020-02-04
693,1308.0,2021-02,2021-02-07,2021-02-06,2021-02-05,2020-02-07,2020-02-06,2020-02-05
694,1627.0,2021-02,2021-02-07,2021-02-06,2021-02-05,2020-02-07,2020-02-06,2020-02-05
695,1774.0,2021-02,2021-02-07,2021-02-06,2021-02-05,2020-02-07,2020-02-06,2020-02-05
696,2089.0,2021-02,2021-02-07,2021-02-06,2021-02-05,2020-02-07,2020-02-06,2020-02-05
697,477.0,2021-02,2021-02-07,2021-02-06,2021-02-05,2020-02-07,2020-02-06,2020-02-05
698,1190.0,2021-02,2021-02-08,2021-02-07,2021-02-06,2020-02-07,2020-02-06,2020-02-05
699,1408.0,2021-02,2021-02-08,2021-02-07,2021-02-06,2020-02-07,2020-02-06,2020-02-05
700,1263.0,2021-02,2021-02-08,2021-02-07,2021-02-06,2020-02-08,2020-02-07,2020-02-06
701,1361.0,2021-02,2021-02-08,2021-02-07,2021-02-06,2020-02-08,2020-02-07,2020-02-06
702,1895.0,2021-02,2021-02-08,2021-02-07,2021-02-06,2020-02-08,2020-02-07,2020-02-06
703,2179.0,2021-02,2021-02-08,2021-02-07,2021-02-06,2020-02-08,2020-02-07,2020-02-06
704,689.0,2021-02,2021-02-08,2021-02-07,2021-02-06,2020-02-08,2020-02-07,2020-02-06
705,1552.0,2021-03,2021-03-09,2021-02-08,2021-02-07,2020-03-08,2020-02-07,2020-02-06
706,1659.0,2021-03,2021-03-09,2021-02-08,2021-02-07,2020-03-09,2020-02-08,2020-02-07
707,1643.0,2021-03,2021-03-09,2021-02-08,2021-02-07,2020-03-09,2020-02-08,2020-02-07
708,1913.0,2021-03,2021-03-09,2021-02-08,2021-02-07,2020-03-09,2020-02-08,2020-02-07
709,1923.0,2021-03,2021-03-09,2021-02-08,2021-02-07,2020-03-09,2020-02-08,2020-02-07
710,2606.0,2021-03,2021-03-09,2021-02-08,2021-02-07,2020-03-09,2020-02-08,2020-02-07
711,610.0,2021-03,2021-03-09,2021-02-08,2021-02-07,2020-03-09,2020-02-08,2020-02-07
712,1949.0,2021-03,2021-03-10,2021-03-09,2021-02-08,2020-03-09,2020-03-08,2020-02-07
713,1582.0,2021-03,2021-03-10,2021-03-09,2021-02-08,2020-03-10,2020-03-09,2020-02-08
714,1636.0,2021-03,2021-03-10,2021-03-09,2021-02-08,2020-03-10,2020-03-09,2020-02-08
715,1694.0,2021-03,2021-03-10,2021-03-09,2021-02-08,2020-03-10,2020-03-09,2020-02-08
716,1813.0,2021-03,2021-03-10,2021-03-09,2021-02-08,2020-03-10,2020-03-09,2020-02-08
717,2105.0,2021-03,2021-03-10,2021-03-09,2021-02-08,2020-03-10,2020-03-09,2020-02-08
718,653.0,2021-03,2021-03-10,2021-03-09,2021-02-08,2020-03-10,2020-03-09,2020-02-08
719,1427.0,2021-03,2021-03-11,2021-03-10,2021-03-09,2020-03-10,2020-03-09,2020-03-08
720,1168.0,2021-03,2021-03-11,2021-03-10,2021-03-09,2020-03-11,2020-03-10,2020-03-09
721,1376.0,2021-03,2021-03-11,2021-03-10,2021-03-09,2020-03-11,2020-03-10,2020-03-09
722,1305.0,2021-03,2021-03-11,2021-03-10,2021-03-09,2020-03-11,2020-03-10,2020-03-09
723,1364.0,2021-03,2021-03-11,2021-03-10,2021-03-09,2020-03-11,2020-03-10,2020-03-09
724,1786.0,2021-03,2021-03-11,2021-03-10,2021-03-09,2020-03-11,2020-03-10,2020-03-09
725,535.0,2021-03,2021-03-11,2021-03-10,2021-03-09,2020-03-11,2020-03-10,2020-03-09
726,1045.0,2021-03,2021-03-12,2021-03-11,2021-03-10,2020-03-11,2020-03-10,2020-03-09
727,1057.0,2021-03,2021-03-12,2021-03-11,2021-03-10,2020-03-12,2020-03-11,2020-03-10
728,1212.0,2021-03,2021-03-12,2021-03-11,2021-03-10,2020-03-12,2020-03-11,2020-03-10
729,1539.0,2021-03,2021-03-12,2021-03-11,2021-03-10,2020-03-12,2020-03-11,2020-03-10
730,1663.0,2021-04,2021-04-14,2021-04-13,2021-03-12,2020-04-14,2020-04-13,2020-03-12
731,2166.0,2021-04,2021-04-14,2021-04-13,2021-03-12,2020-04-14,2020-04-13,2020-03-12
732,503.0,2021-04,2021-04-14,2021-04-13,2021-03-12,2020-04-14,2020-04-13,2020-03-12
733,1373.0,2021-04,2021-04-15,2021-04-14,2021-03-13,2020-04-14,2020-04-13,2020-03-12
734,1261.0,2021-04,2021-04-15,2021-04-14,2021-03-13,2020-04-15,2020-04-14,2020-03-13
735,1377.0,2021-04,2021-04-15,2021-04-14,2021-03-13,2020-04-15,2020-04-14,2020-03-13
736,1583.0,2021-04,2021-04-15,2021-04-14,2021-04-13,2020-04-15,2020-04-14,2020-04-13
737,1771.0,2021-04,2021-04-15,2021-04-14,2021-04-13,2020-04-15,2020-04-14,2020-04-13
738,2166.0,2021-04,2021-04-15,2021-04-14,2021-04-13,2020-04-15,2020-04-14,2020-04-13
739,622.0,2021-04,2021-04-15,2021-04-14,2021-04-13,2020-04-15,2020-04-14,2020-04-13
740,1226.0,2021-04,2021-04-16,2021-04-15,2021-04-14,2020-04-15,2020-04-14,2020-04-13
741,1338.0,2021-04,2021-04-16,2021-04-15,2021-04-14,2020-04-16,2020-04-15,2020-04-14
742,1096.0,2021-04,2021-04-16,2021-04-15,2021-04-14,2020-04-16,2020-04-15,2020-04-14
743,1321.0,2021-04,2021-04-16,2021-04-15,2021-04-14,2020-04-16,2020-04-15,2020-04-14
744,1444.0,2021-04,2021-04-16,2021-04-15,2021-04-14,2020-04-16,2020-04-15,2020-04-14
745,2436.0,2021-04,2021-04-16,2021-04-15,2021-04-14,2020-04-16,2020-04-15,2020-04-14
746,633.0,2021-04,2021-04-16,2021-04-15,2021-04-14,2020-04-16,2020-04-15,2020-04-14
747,1379.0,2021-04,2021-04-17,2021-04-16,2021-04-15,2020-04-16,2020-04-15,2020-04-14
748,1522.0,2021-04,2021-04-17,2021-04-16,2021-04-15,2020-04-17,2020-04-16,2020-04-15
749,1642.0,2021-04,2021-04-17,2021-04-16,2021-04-15,2020-04-17,2020-04-16,2020-04-15
